customer_id,name,email,phone,created_at
1,Allison Hill,donaldgarcia@example.net,+1-219-560-0133,2023-07-01 14:14:26
2,Meredith Barnes,zlawrence@example.org,001-626-254-2351x16155,2024-05-31 22:14:46
3,Kimberly Dudley,smiller@example.net,+1-659-931-0341x316,2024-02-15 18:24:37
4,Holly Wood,elizabethmiles@example.net,+1-219-528-3276x4835,2023-06-13 09:11:10
5,Renee Morales,clarksherri@example.net,837-767-2423x88496,2023-05-13 10:49:45
6,Zachary Hicks,camposmichelle@example.org,+1-326-691-6697x8480,2025-03-28 14:29:13
7,Gina Carter,shawnmckay@example.net,282-781-4893x252,2023-01-15 16:44:28
8,Brian Cox DVM,john39@example.org,671-882-2782,2024-02-05 21:48:03
9,Tanya Campos,jenniferross@example.net,+1-557-587-1331x5098,2025-09-15 11:14:55
10,Michael Brown,whiteheadmichele@example.org,334.373.8299x73763,2023-01-09 09:45:51
11,Heather Jenkins,nuneztracey@example.org,4658133387,2023-12-28 12:59:29
12,Joel Baxter,ramosmichelle@example.net,908-501-3267,2025-03-23 21:21:21
13,Stephanie Martin,gallowayjoseph@example.com,268-272-3430x9805,2025-05-23 10:47:04
14,Kathryn Farrell,brianromero@example.org,291-336-1939,2024-06-06 13:33:59
15,Kevin Mills,james53@example.com,(524)675-1079x9118,2023-10-08 04:43:00
16,Gregory Jones,mikemoore@example.net,001-449-680-8412x411,2024-10-11 23:26:49
17,Daniel Cooper,william40@example.org,+1-264-300-5242x7868,2023-09-29 21:10:09
18,Stephen Mckee,davenportbrandi@example.org,(420)545-0533x15869,2024-10-04 17:03:04
19,Vanessa Cochran,vjohnson@example.com,(534)221-6073x37543,2023-05-24 03:09:45
20,Jennifer Ramirez,rasmussenjoshua@example.net,768.750.1429x40196,2023-06-02 02:24:00
21,William Wilson,jonathanfletcher@example.org,783.856.1595x14846,2024-10-20 11:18:39
22,Kristen Lee,lbyrd@example.net,001-746-980-4436,2024-05-09 14:54:43
23,Michael Dixon,donnacampbell@example.net,+1-395-913-4332x0037,2025-06-13 08:51:12
24,Mark Lee,psnyder@example.org,+1-401-963-2870x8317,2023-07-29 03:06:43
25,Victoria Larson,usalazar@example.net,(387)627-7434x87347,2023-04-26 09:25:45
26,George Orozco,taylorjesse@example.net,(231)566-5876,2024-07-08 12:13:05
27,Jean Carrillo,gateskathy@example.com,805.946.6889x3734,2024-11-25 10:21:02
28,George Shelton,dramsey@example.org,+1-280-669-9016x272,2023-12-13 15:51:44
29,Daniel Murphy,aramirez@example.com,270-580-5310,2023-02-16 21:37:39
30,Alex Hernandez,thomaswilson@example.org,645.829.9124x190,2024-06-29 16:14:06
31,Miguel Jones,curtisbarton@example.net,+1-819-905-8651x850,2024-03-05 17:00:26
32,Tyler Reid,bzimmerman@example.org,001-684-998-7769x4531,2025-01-01 23:27:02
33,John Bishop,frogers@example.com,(273)554-5494,2025-06-01 12:28:28
34,Nathan Freeman,hannahbrewer@example.com,701.843.6349x578,2024-12-01 19:15:07
35,Krista Bell MD,john13@example.com,682-333-7498,2024-12-13 02:15:54
36,Elizabeth Ward,alexis82@example.com,6089427109,2024-01-18 23:03:01
37,Glen Sheppard,shelley71@example.org,(871)590-2294x1318,2023-04-11 11:30:28
38,Jamie Kerr,michelle64@example.net,+1-309-413-3412x328,2023-11-01 08:46:38
39,Jerry Wheeler,antonio44@example.net,413.349.3618x324,2024-03-30 19:16:45
40,Ricky Larson,scott74@example.net,(248)387-7190x6594,2025-06-19 03:08:43
41,Michael Valencia,keyemily@example.com,001-802-978-7429,2024-05-21 12:37:54
42,Julie Ortiz,elizabeth25@example.com,001-874-268-0715x451,2024-02-08 01:08:12
43,Kimberly Gutierrez,aprildean@example.com,+1-570-434-8247x7109,2023-03-09 21:40:09
44,Adam Russell,victoriadurham@example.com,527-948-4677,2023-01-20 00:48:55
45,Janet Weeks,michellehill@example.com,784-804-4997x27875,2025-02-13 23:04:41
46,Frank Lopez,ashleyhall@example.com,7573662702,2023-03-30 21:00:41
47,Jessica Fox,jsmith@example.com,+1-921-274-5961x5865,2024-08-20 21:04:17
48,Cynthia Cohen,wendy16@example.org,001-517-824-0050x45562,2025-09-03 03:44:04
49,Rebecca Jackson,lynchpatrick@example.net,279.923.7474,2025-06-11 18:31:54
50,Megan Moore,llandry@example.com,+1-664-674-3671x3695,2024-05-10 18:24:49
51,Ronald Foster,knightgina@example.net,6974439533,2024-04-04 09:46:07
52,Stephanie Lucas,kristina09@example.com,001-621-445-6232x8588,2024-05-07 10:36:50
53,Roger Olson,julie51@example.com,623-368-5160,2025-04-11 10:34:32
54,Michael Chambers,xcarson@example.org,+1-437-209-8593x17461,2025-02-10 02:30:35
55,Elizabeth Vasquez,youngamanda@example.com,258.769.2617x964,2024-02-07 18:21:59
56,Jeremy Young,cory58@example.net,(706)543-1713x900,2025-09-24 07:17:54
57,Rachel Harris DVM,brendali@example.org,729-504-2284x21020,2023-05-20 15:02:43
58,Alexis Baker,judyfox@example.net,577-258-9178,2023-06-27 18:53:41
59,Susan Hopkins,stephen00@example.com,(761)877-1159x2124,2023-10-09 04:42:01
60,Kerry Chavez DDS,mcguiredanny@example.net,+1-883-767-3657x6615,2023-03-26 03:20:20
61,Jacqueline Hernandez,fjones@example.org,(215)628-0988x51656,2025-01-05 11:01:32
62,Heather Lane,ericolson@example.org,(285)614-9368x998,2025-07-01 08:35:40
63,Donald Farmer,michael22@example.net,+1-661-720-1836x67525,2024-04-13 09:28:20
64,Latoya Miller,moorekaren@example.org,+1-814-376-7976x43815,2022-12-08 17:30:02
65,Michael Tucker,brandon69@example.org,2349324451,2024-05-15 12:40:00
66,Casey James,vincentwhitaker@example.com,860-860-7159,2024-10-11 17:23:29
67,Jennifer Wilson,burchgeorge@example.net,651.761.3696x816,2024-07-09 05:09:33
68,Richard Jones,schmidtjames@example.com,(923)912-4329x212,2023-10-05 05:50:58
69,Olivia Cole,michelle52@example.com,377-644-9058,2022-11-21 22:55:10
70,Andrew Wood,chase19@example.net,267.998.0793x59782,2025-09-05 19:50:04
71,Steven Cooper,wagnergerald@example.org,001-777-288-9255x466,2025-09-19 17:12:15
72,Maria Jones,grantpaul@example.com,001-692-851-9254x6291,2024-07-19 12:35:36
73,Erin Anderson,lucasrodney@example.com,4544235733,2025-09-20 11:30:06
74,Ryan Garcia,stanleynancy@example.net,(296)822-2927,2023-12-27 18:53:40
75,Nathan Montes,karen73@example.net,847.835.9774,2024-12-19 19:12:42
76,Ruth Solis,moniquewilliams@example.com,(881)381-4124x782,2025-11-05 13:21:02
77,Courtney Hayes,sarah60@example.com,653.961.5305x15220,2024-09-09 07:07:10
78,Brenda Thornton,fgilbert@example.org,232-589-8614x341,2022-12-24 17:24:10
79,Riley Bryant,copelandvincent@example.net,7895324609,2024-11-28 00:31:34
80,Chelsea Barnett,carlos88@example.net,380.767.0654x05153,2024-03-19 15:26:20
81,Harold Morgan,mariacohen@example.net,822.917.0430x3054,2024-03-23 09:59:12
82,Paul Lee,michelle05@example.com,956-767-6527,2023-04-25 16:26:54
83,Kelly Owen,mmiller@example.org,+1-845-411-5447,2025-08-06 15:50:59
84,Heather Williams,christina64@example.net,9162582029,2025-11-09 17:54:31
85,David Brewer,patrick90@example.net,(775)857-1928,2023-08-05 06:38:04
86,Donald Horne,fitzgeraldvictor@example.com,+1-514-347-3947,2023-10-19 22:58:49
87,Benjamin Thompson,zosborn@example.net,451-588-4422x58313,2025-10-31 11:24:55
88,Allison Spencer,tanner82@example.net,314-467-8669,2025-03-30 21:02:28
89,Maria Cole,david89@example.org,001-626-380-1824x22535,2024-01-01 00:40:45
90,Mark Pierce,colleenmendez@example.org,629.592.2995x90010,2025-02-10 12:59:28
91,Jennifer Fowler,ismall@example.com,+1-947-536-4710x2767,2024-12-19 05:16:50
92,Charles Hensley,jessica56@example.org,001-258-681-5371x47321,2025-10-10 05:46:05
93,Sharon Barnes,lisapeck@example.net,532-578-7747x01687,2023-07-20 22:21:21
94,Amber Campbell,amitchell@example.org,(624)356-5060x98358,2024-02-18 15:39:40
95,Jerry Pierce,andersoncolin@example.com,985-923-9868x00025,2024-10-07 14:05:45
96,Steven Taylor,francisco94@example.net,688-287-9470x55169,2024-03-01 10:45:16
97,Deborah Rios,jennifersilva@example.org,896.523.0913x07562,2024-02-09 13:35:30
98,Reginald Knapp,thorntonapril@example.net,578-565-2785x85497,2023-04-10 12:18:27
99,Edwin David,kellie37@example.com,258.644.1986x6524,2023-03-15 21:39:55
100,Angela Bradshaw,julie33@example.net,584-221-9933x083,2023-04-02 14:28:25
101,Gary Kennedy,adampierce@example.org,(877)434-5401x93802,2024-09-21 15:54:35
102,Amanda Huff,vlopez@example.com,9044991547,2025-10-02 21:59:43
103,Julie Lee,riverajessica@example.net,720-354-9329x668,2024-06-08 07:00:12
104,Brandon Holden,pmorris@example.org,563-274-5499x045,2024-01-28 08:57:46
105,Julie Moore,hannah45@example.net,932.572.7956,2023-08-13 10:07:15
106,Melanie Larson,foxallison@example.com,491-408-8398,2025-07-10 22:10:38
107,Joseph Wilson,jenniferburns@example.net,207.828.6790x874,2025-07-11 04:09:02
108,Aaron Robinson,williamsmelvin@example.org,+1-801-770-4622,2023-12-09 16:45:51
109,Janet Kane DVM,qmiller@example.net,(251)228-6823,2023-06-02 13:19:22
110,Julie Ball,opatel@example.org,352.343.1069x033,2025-04-16 02:13:46
111,Jill Powers,sanchezbradley@example.com,783.702.8439,2025-04-01 04:17:51
112,Shawn Odom,roberthill@example.net,001-726-887-0568,2025-06-28 15:18:08
113,Elijah White,oallen@example.com,001-627-508-6688x263,2023-06-04 15:32:12
114,Bob Cole,christopher30@example.com,(299)501-3983x7354,2025-02-17 01:41:01
115,Tonya Wilson,srocha@example.net,001-636-738-5467x854,2023-06-26 22:22:59
116,Kathleen Garcia,ugill@example.org,(856)609-3204x899,2023-12-12 20:15:19
117,Gary James,victorpena@example.net,247-377-2522x87280,2025-05-21 18:26:01
118,Mary Duran,otaylor@example.org,920-938-7509,2025-03-28 20:00:38
119,Joseph Jenkins,morenojoshua@example.com,5866211823,2024-06-08 06:10:25
120,Debra Sanders,susan79@example.org,001-234-410-1666x870,2024-04-09 16:04:28
121,Ryan Newman,ariel18@example.org,239.474.0148,2025-05-11 09:22:00
122,Emily Ali,karenmarquez@example.com,842-493-9685,2023-06-03 15:10:18
123,Melissa Miller,brian63@example.org,899-496-5047x73586,2022-12-15 16:43:32
124,Mary Miller,lauren11@example.com,(662)965-5110,2024-03-13 19:23:06
125,Derrick Anderson,ryanhawkins@example.net,(810)315-8199x56046,2025-02-25 07:00:41
126,Kristin Haney,ashleyjackson@example.com,(824)644-7212,2025-07-27 21:06:44
127,John Jones,sheryl79@example.net,871.724.0659,2025-02-13 15:27:53
128,Jeffrey Colon,kevinmorrison@example.net,575.726.5479,2023-10-19 03:07:40
129,Robert Long,frederickjames@example.net,(980)473-7416,2022-11-20 03:32:41
130,Dana Hopkins,emccormick@example.com,+1-379-368-8680x589,2024-05-12 05:53:46
131,Mary Kelly,hartdeanna@example.net,(556)910-1438x8899,2024-06-22 04:43:52
132,Joel Frazier,michaeljohnson@example.org,961-312-5457x3875,2025-08-07 18:57:57
133,Michael Flores,bradley10@example.com,+1-812-438-2825x8673,2023-12-09 00:07:58
134,Matthew Foster,shannonjordan@example.org,001-933-341-9182x553,2024-02-03 15:27:33
135,Scott Rose,candice96@example.net,355-479-2499,2023-03-20 00:44:52
136,David Wilson,heather86@example.com,+1-629-466-2782x827,2023-03-12 15:09:20
137,Ryan Harvey,stephanie72@example.org,(588)676-7677x2190,2025-07-19 07:38:17
138,Danny Roberts,xcunningham@example.com,+1-281-991-4858,2025-11-06 19:03:43
139,Wanda Garcia,kennethkidd@example.com,451-571-3395x962,2023-03-12 07:49:10
140,Renee Hudson,candice25@example.net,449-748-1260x4223,2023-04-28 20:05:44
141,Pam Lowe,othomas@example.com,+1-266-371-1684x5775,2023-04-05 10:59:40
142,Judy Beck,melissa86@example.org,(237)345-4589x29750,2023-04-03 21:53:36
143,Sara Smith,scottsmith@example.com,724.424.1541,2025-02-18 17:41:41
144,Mario Barber,rubendavis@example.org,2372129387,2024-04-03 10:24:28
145,Ruth Mcneil,ebenson@example.org,861.411.5542,2023-02-05 11:52:51
146,Megan Jones,bishopfrank@example.com,001-732-869-7311x2196,2023-05-02 04:35:36
147,Charles Hill,wrightcarolyn@example.net,+1-540-943-8983x640,2025-10-21 00:50:55
148,David Little,ricetiffany@example.com,626-596-5827x10910,2024-05-02 20:46:00
149,Antonio Mccormick,courtney86@example.com,001-561-488-9241x418,2024-08-19 22:01:13
150,Jeanette Walters,collinssamuel@example.org,6314617990,2024-05-12 03:44:24
151,Michael Miles,tylerreed@example.net,001-642-352-4105x6481,2023-08-11 12:49:55
152,Jorge Brown PhD,michaelscott@example.org,001-913-780-0030,2024-07-22 05:58:37
153,Chris Velazquez,tranrobin@example.net,+1-263-453-6541x9518,2024-08-23 15:58:16
154,Jose Williams,djones@example.com,001-945-718-7053x49493,2022-12-05 06:00:56
155,Katherine Barton,jessicapayne@example.org,(206)803-8505,2023-06-07 15:59:50
156,Monica Garcia,robertwoodward@example.org,001-441-803-8657x191,2024-01-26 07:44:55
157,Keith Graham,joelgreen@example.com,(455)974-3132x9121,2024-05-11 18:09:09
158,Jason Herrera,shannonford@example.org,524-790-3521,2024-10-29 15:50:04
159,Anthony Evans,anthonysullivan@example.com,+1-283-517-1210,2024-03-30 02:47:02
160,Rodney Watson,aguilarjonathan@example.org,9132721510,2024-06-20 19:04:24
161,Kenneth Underwood,ycrawford@example.net,(625)932-4472x09993,2025-05-01 09:06:28
162,Juan Brown,patrick63@example.net,638.406.5787x59856,2024-07-27 11:36:01
163,Kyle Johnson,brian78@example.com,001-493-421-3348x03965,2025-11-02 13:36:53
164,Evan Rojas,robin05@example.net,001-229-337-8427,2024-07-20 17:06:05
165,Kyle Smith,nsmith@example.org,(352)750-0292,2023-08-17 22:57:32
166,Jacqueline Mcmahon,vwillis@example.com,622-667-5289x53926,2023-07-09 17:13:37
167,Nicholas Rush,xrosales@example.net,4297593917,2023-09-29 23:14:45
168,Cynthia Haas,daisymccarty@example.net,+1-957-804-3315x41006,2024-06-15 11:21:04
169,Stacey Snyder,ybell@example.org,793.427.1040x5411,2024-01-21 01:48:50
170,Candace Jones,morgantricia@example.com,001-806-629-6201x533,2024-01-06 12:25:18
171,Elizabeth Davis,farmstrong@example.org,3502614973,2024-05-09 07:43:52
172,Mark Rowland,tanthony@example.com,674.918.6256x5270,2025-08-11 22:28:22
173,Darrell Adams,hernandezheather@example.org,858-969-3806,2023-02-27 16:41:25
174,Cynthia Evans,torr@example.org,898.399.2172x23320,2025-03-31 23:24:13
175,Jessica Osborn DDS,luis11@example.com,+1-868-354-8709,2023-02-13 13:27:32
176,Charles Matthews,buckleyanna@example.org,885-464-6799x7024,2024-09-28 18:05:34
177,Melanie Morales,vpreston@example.net,607.945.0544,2024-05-04 19:12:46
178,Melinda Compton,dennismccann@example.com,001-454-369-1373x67850,2025-05-08 09:24:57
179,Jonathon Taylor,thompsonnancy@example.org,9308705345,2025-04-09 09:45:07
180,Becky Johnson,tracy72@example.com,001-885-252-4140,2022-12-04 17:24:11
181,Kenneth Hanna,deborahbyrd@example.com,+1-668-600-7229x0349,2023-04-18 18:45:24
182,James Bailey,jeffery48@example.net,(391)708-5899x4417,2023-01-28 02:46:21
183,Margaret Hensley MD,jacob83@example.org,+1-565-720-7446x660,2023-09-15 04:58:41
184,Courtney Nichols,qknox@example.com,542.782.4172x48251,2023-08-03 14:51:10
185,Seth Fisher,nathan94@example.com,370-899-9173,2024-08-08 02:36:23
186,Jennifer Pitts,derrickgonzalez@example.com,001-772-252-1752,2023-02-05 02:21:26
187,Donald Juarez,barbaramoore@example.org,(296)566-6760,2024-01-19 22:24:54
188,Tiffany Mcclain,andrewsmith@example.net,635.442.1689,2023-06-14 02:12:25
189,Angel Fry,mluna@example.net,262-457-5326x03323,2025-02-25 11:55:39
190,Michael Conner,qmcdowell@example.net,+1-609-901-0016x761,2023-09-27 21:56:57
191,Christine Jennings,turnerdorothy@example.net,549.592.6189x14117,2023-10-13 19:46:34
192,Sandra Dudley,jade42@example.org,+1-373-975-3001,2025-03-08 14:13:56
193,Brandon Hunt,conwaydawn@example.com,247-201-2045x5611,2023-11-18 01:25:28
194,Mary Jackson,patricia94@example.net,855-921-6674,2025-03-07 22:21:55
195,Mariah Robles,andersonjessica@example.org,769-279-7296,2024-05-14 19:07:34
196,Sheryl Acosta,timothyfreeman@example.com,301.845.0899x358,2023-06-25 03:15:28
197,Danielle Reed,jhernandez@example.net,7025877217,2023-02-03 06:28:02
198,Donald Hunter,ppowell@example.org,879.871.7751x701,2024-02-13 20:35:46
199,Joshua Petersen,pamela83@example.net,+1-375-350-3758x99757,2025-06-15 02:03:38
200,Courtney Peterson,amy51@example.org,(372)861-4933,2024-08-01 21:36:59
201,Roger Lee,daniel60@example.net,+1-991-477-9827x08086,2024-02-14 14:11:29
202,Carrie Ochoa,hughescaroline@example.com,666.793.4654x72269,2023-12-16 03:50:15
203,Taylor Chen,jasonklein@example.net,(822)688-5158x799,2024-09-17 23:28:25
204,Jenny Smith,johnsondustin@example.net,5342244204,2023-04-06 23:29:33
205,Jesse Jensen,juliahoffman@example.org,540.766.6580x04397,2024-11-04 12:41:08
206,Kimberly Morrison,kellythompson@example.net,622-481-6064,2025-09-24 03:52:54
207,Ryan Smith,jmckinney@example.org,(759)309-4798,2024-09-23 14:20:05
208,Emily Robinson,abigailhartman@example.org,(988)261-5335x55439,2023-07-09 22:50:25
209,Gregory Allen,susanfleming@example.com,(216)648-4085x8877,2023-11-16 10:28:07
210,Cheryl Palmer,jacksonstephanie@example.net,+1-801-333-6138,2024-05-11 14:43:22
211,Brittany Stevens,benjamin10@example.org,281-893-4667x665,2023-06-26 11:03:01
212,Kimberly May,avilabrenda@example.net,958-814-4914,2025-04-23 01:54:57
213,Matthew Wells,derekmyers@example.net,824-350-8821x0099,2024-08-19 05:13:07
214,Paul Berger,jason82@example.org,(939)343-1290,2025-09-27 17:32:25
215,Austin Garcia,wlynn@example.org,+1-431-749-1357x75949,2025-01-12 10:19:22
216,Tina Jackson,john36@example.com,(325)677-7547x812,2023-12-09 22:36:14
217,Brenda Ryan,jessica11@example.org,709.896.9308x48872,2023-02-14 05:12:22
218,Raymond Quinn,dennis88@example.org,(458)903-9282x7229,2022-11-19 08:15:34
219,Amanda Juarez,bryanwood@example.org,+1-438-856-7700x51844,2023-12-24 02:35:27
220,Holly Valdez,blacknicholas@example.org,665.557.7908x27231,2025-04-16 15:52:39
221,Christopher Guzman,guerrerorobert@example.com,001-417-477-3926x0302,2024-09-22 12:01:06
222,Amanda Armstrong,jacksonsandra@example.net,(899)404-1379x7723,2024-08-18 17:52:02
223,Samantha White,gary57@example.net,001-813-466-2103,2024-07-23 07:47:37
224,Cassandra Valenzuela,richamanda@example.org,772-298-0686,2024-08-10 04:11:56
225,Jessica Mays,yclarke@example.com,001-691-862-4731,2024-09-14 03:58:51
226,Aaron Manning,lanedavid@example.org,(735)665-1269x4486,2024-07-13 09:30:55
227,Jennifer Harris DDS,jwhite@example.net,844.795.6213x7213,2023-08-02 20:18:52
228,Lisa Cohen,martintamara@example.org,727-396-1143,2025-03-26 03:08:03
229,Misty Arias,hmendez@example.com,001-590-427-7038x430,2023-11-07 11:44:24
230,Heather Pena,christopherhill@example.com,(766)793-8011x848,2024-07-24 04:06:53
231,Destiny Obrien,shawnpowell@example.org,626-681-8184x518,2022-11-16 00:23:37
232,Tracy Hart,katherineali@example.com,+1-279-607-1416x33565,2024-06-24 20:58:57
233,Brandon Nunez,charles27@example.com,(539)542-3733x343,2025-04-14 10:26:47
234,Sara Kelly,wilsonchristian@example.net,490.680.7595x7947,2024-09-05 06:15:34
235,Paul Anderson,imendoza@example.org,356.727.1875x00369,2025-05-08 05:25:42
236,Scott Lopez,joel79@example.com,(427)563-6556x472,2024-01-27 07:56:28
237,Michelle Brock,mchase@example.org,001-627-202-6728x8574,2025-07-11 19:30:29
238,Michael Brown,thomas17@example.net,445-658-8450x61593,2023-05-07 23:39:44
239,Michael Freeman,ypreston@example.net,572-725-6996x1125,2025-10-06 12:22:28
240,Eddie Adams,cnelson@example.com,001-498-876-2202x3413,2024-10-01 16:43:48
241,Arthur Johns,johnsonrandy@example.org,649-921-6433,2024-03-11 00:37:55
242,Bonnie Roberson,johnsonmichael@example.com,878.648.7282x9979,2024-02-18 20:34:48
243,Karen Perez,ramosmichael@example.com,(240)908-2547,2023-09-12 14:13:09
244,Karen Smith,myates@example.org,4858368663,2023-02-17 22:14:40
245,Connie Miller,zacharymarsh@example.net,001-944-984-6312x241,2025-07-16 11:35:08
246,Marcus Lopez,hernandeztara@example.org,(414)242-7031,2023-04-14 05:54:40
247,Glenn Collins DDS,steven05@example.org,001-520-846-1872x34601,2025-03-13 12:15:32
248,Jessica Rojas,gonzalezjill@example.org,537.764.5208x81474,2023-12-19 03:18:36
249,Sharon Robinson,youngryan@example.org,(949)416-3009,2025-08-24 03:52:51
250,Brandon Moore,parksmatthew@example.net,7057281273,2024-03-28 18:42:10
